﻿{
	"name": "Hotline",
	"version": "1.0.0.0",
	"description": "",
	"id": "",
	"viewport-width": 500,
	"viewport-height": 370,
	"author": "",
	"email": "",
	"website": "",
	"orientations": "any",
	"c2version": "241",
	"used-plugins": [
		"Arr",
		"Audio",
		"Keyboard",
		"Mouse",
		"Particles",
		"Sprite",
		"Spritefont2",
		"Text",
		"TiledBg",
		"WebStorage"
	],
	"used-behaviors": [
		"Bullet",
		"EightDir",
		"LOS",
		"Pathfinding",
		"Rex_pushOutSolid",
		"Sin",
		"Turret",
		"scrollto",
		"solid"
	]
}