﻿{
	"name": "Topdown SCI-FI",
	"version": "1.0.0.0",
	"description": "",
	"id": "",
	"viewport-width": 640,
	"viewport-height": 360,
	"author": "",
	"email": "",
	"website": "",
	"orientations": "landscape",
	"c2version": "231",
	"used-plugins": [
		"Audio",
		"Browser",
		"Keyboard",
		"Mouse",
		"Particles",
		"Sprite",
		"Text",
		"Tilemap"
	],
	"used-behaviors": [
		"Bullet",
		"DragnDrop",
		"EightDir",
		"LOS",
		"Pathfinding",
		"Sin",
		"scrollto",
		"solid"
	]
}