﻿{
	"name": "InterstellarPirates",
	"version": "1.0.0.0",
	"description": "",
	"id": "",
	"viewport-width": 640,
	"viewport-height": 360,
	"author": "",
	"email": "",
	"website": "",
	"orientations": "landscape",
	"c2version": "243",
	"used-plugins": [
		"Audio",
		"Browser",
		"Keyboard",
		"Mouse",
		"Particles",
		"Rex_Branch",
		"Rex_FirebaseAPIV3",
		"Rex_Firebase_Authentication",
		"Rex_Firebase_SaveSlot",
		"Sprite",
		"Spritefont2",
		"Text",
		"TiledBg",
		"Tilemap",
		"Touch"
	],
	"used-behaviors": [
		"Bullet",
		"DragnDrop",
		"EightDir",
		"LOS",
		"Pathfinding",
		"Persist",
		"Pin",
		"Rex_pushOutSolid",
		"RezAutotile",
		"Sin",
		"destroy",
		"scrollto",
		"solid",
		"wrap"
	]
}